{"cameraMode":{"drawMode":0,"name":"Shaded","section":"Shading Mode"},"sceneLighting":true,"audioPlay":false,"sceneViewState":{"showFog":true,"showMaterialUpdate":false,"showSkybox":true,"showFlares":true,"showImageEffects":true,"showParticleSystems":true,"showVisualEffectGraphs":true,"m_FxEnabled":false},"in2DMode":false,"pivot":{"x":-31.506149291992189,"y":12.901162147521973,"z":-15.452764511108399},"rotation":{"x":0.21826903522014619,"y":-0.15441548824310304,"z":0.03500092029571533,"w":0.9629621505737305},"size":0.49119192361831667,"orthographic":false}